"KEupID","KEdownID"
"KE 1000","KE 858"
"KE 1002","KE 1003"
"KE 1002","KE 1004"
"KE 1002","KE 1116"
"KE 1003","KE 1004"
"KE 1003","KE 1007"
"KE 1003","KE 1877"
"KE 1003","KE 1640"
"KE 1009","KE 1003"
"KE 1009","KE 1004"
"KE 1009","KE 1116"
"KE 1046","KE 1047"
"KE 1046","KE 1056"
"KE 105","KE 177"
"KE 105","KE 1392"
"KE 110","KE 298"
"KE 1108","KE 1107"
"KE 1115","KE 1392"
"KE 1115","KE 1262"
"KE 1115","KE 233"
"KE 1115","KE 1172"
"KE 1115","KE 1501"
"KE 1116","KE 1101"
"KE 1116","KE 1023"
"KE 112","KE 1457"
"KE 116","KE 89"
"KE 1172","KE 112"
"KE 1172","KE 1496"
"KE 1172","KE 87"
"KE 1172","KE 1493"
"KE 1202","KE 984"
"KE 122","KE 1759"
"KE 122","KE 1335"
"KE 1243","KE 341"
"KE 1252","KE 1461"
"KE 1253","KE 1254"
"KE 1262","KE 1515"
"KE 1262","KE 352"
"KE 1262","KE 1277"
"KE 1262","KE 1549"
"KE 1262","KE 188"
"KE 1262","KE 3"
"KE 1339","KE 1262"
"KE 1339","KE 1340"
"KE 1339","KE 177"
"KE 1387","KE 1389"
"KE 1387","KE 1388"
"KE 1387","KE 1390"
"KE 1388","KE 1389"
"KE 1388","KE 1390"
"KE 1391","KE 1392"
"KE 1391","KE 1393"
"KE 1392","KE 1393"
"KE 1392","KE 1395"
"KE 1392","KE 1488"
"KE 1392","KE 55"
"KE 1392","KE 1906"
"KE 1392","KE 1911"
"KE 1392","KE 1825"
"KE 1392","KE 1493"
"KE 1392","KE 2067"
"KE 1392","KE 1634"
"KE 1392","KE 1635"
"KE 1392","KE 2083"
"KE 1392","KE 1492"
"KE 1392","KE 2089"
"KE 1392","KE 1908"
"KE 1392","KE 1512"
"KE 1392","KE 352"
"KE 1392","KE 386"
"KE 1392","KE 618"
"KE 1392","KE 131"
"KE 1392","KE 177"
"KE 1392","KE 1262"
"KE 1392","KE 188"
"KE 1392","KE 277"
"KE 1392","KE 1032"
"KE 1392","KE 1097"
"KE 1392","KE 1194"
"KE 1392","KE 1365"
"KE 1392","KE 932"
"KE 1393","KE 1394"
"KE 1393","KE 1395"
"KE 1394","KE 1395"
"KE 1438","KE 1439"
"KE 1457","KE 1982"
"KE 1457","KE 68"
"KE 1457","KE 1275"
"KE 1457","KE 1458"
"KE 1457","KE 1651"
"KE 1461","KE 1253"
"KE 1461","KE 1365"
"KE 1487","KE 1538"
"KE 1488","KE 55"
"KE 1492","KE 1493"
"KE 1492","KE 2097"
"KE 1493","KE 55"
"KE 1493","KE 265"
"KE 1493","KE 1494"
"KE 1493","KE 1193"
"KE 1493","KE 1632"
"KE 1493","KE 1182"
"KE 1494","KE 265"
"KE 1494","KE 1632"
"KE 1494","KE 1501"
"KE 1495","KE 1496"
"KE 1495","KE 1439"
"KE 1495","KE 1115"
"KE 1495","KE 1438"
"KE 1496","KE 1497"
"KE 1496","KE 1438"
"KE 1496","KE 398"
"KE 1496","KE 1439"
"KE 1496","KE 68"
"KE 1497","KE 1498"
"KE 1497","KE 1868"
"KE 1497","KE 1115"
"KE 1497","KE 1496"
"KE 1498","KE 1499"
"KE 1498","KE 1672"
"KE 1498","KE 1250"
"KE 1499","KE 1500"
"KE 1500","KE 68"
"KE 1501","KE 344"
"KE 1502","KE 1503"
"KE 1502","KE 1505"
"KE 1502","KE 1262"
"KE 1502","KE 1506"
"KE 1502","KE 1557"
"KE 1502","KE 1515"
"KE 1503","KE 1239"
"KE 1503","KE 1505"
"KE 1505","KE 1262"
"KE 1508","KE 1392"
"KE 1512","KE 1513"
"KE 1512","KE 1262"
"KE 1515","KE 1506"
"KE 1522","KE 1523"
"KE 1528","KE 861"
"KE 1538","KE 1392"
"KE 155","KE 1635"
"KE 155","KE 2083"
"KE 1557","KE 1970"
"KE 1574","KE 202"
"KE 1575","KE 55"
"KE 1613","KE 1614"
"KE 1614","KE 286"
"KE 1632","KE 1492"
"KE 1632","KE 1194"
"KE 1632","KE 1392"
"KE 1634","KE 155"
"KE 1634","KE 1635"
"KE 1634","KE 1461"
"KE 1634","KE 1365"
"KE 1635","KE 155"
"KE 1635","KE 1365"
"KE 1640","KE 1643"
"KE 1647","KE 1902"
"KE 165","KE 139"
"KE 165","KE 853"
"KE 165","KE 854"
"KE 165","KE 856"
"KE 1656","KE 756"
"KE 1656","KE 402"
"KE 167","KE 54"
"KE 167","KE 66"
"KE 167","KE 116"
"KE 167","KE 258"
"KE 167","KE 264"
"KE 1672","KE 1250"
"KE 1682","KE 1557"
"KE 1686","KE 1635"
"KE 1686","KE 1392"
"KE 1686","KE 2067"
"KE 1686","KE 2069"
"KE 1686","KE 1634"
"KE 1686","KE 870"
"KE 1686","KE 1492"
"KE 1686","KE 341"
"KE 1686","KE 2089"
"KE 1686","KE 2090"
"KE 1686","KE 1115"
"KE 1686","KE 1194"
"KE 1686","KE 1632"
"KE 1686","KE 2083"
"KE 1690","KE 1613"
"KE 1690","KE 1614"
"KE 1690","KE 348"
"KE 1700","KE 202"
"KE 1702","KE 984"
"KE 1706","KE 1707"
"KE 1707","KE 1708"
"KE 1708","KE 1709"
"KE 1710","KE 1711"
"KE 1711","KE 1712"
"KE 1712","KE 1713"
"KE 1713","KE 1714"
"KE 1715","KE 1716"
"KE 1716","KE 1717"
"KE 1717","KE 1718"
"KE 1718","KE 1719"
"KE 1720","KE 1721"
"KE 1721","KE 1722"
"KE 1722","KE 1723"
"KE 1723","KE 1724"
"KE 1724","KE 1725"
"KE 1738","KE 1901"
"KE 1738","KE 1847"
"KE 1739","KE 188"
"KE 1739","KE 1854"
"KE 1739","KE 1738"
"KE 1753","KE 1754"
"KE 1754","KE 1755"
"KE 1755","KE 1457"
"KE 1759","KE 1760"
"KE 1759","KE 1761"
"KE 1760","KE 1761"
"KE 1761","KE 1005"
"KE 177","KE 55"
"KE 177","KE 889"
"KE 177","KE 890"
"KE 177","KE 1107"
"KE 177","KE 1243"
"KE 177","KE 1364"
"KE 177","KE 386"
"KE 177","KE 709"
"KE 177","KE 1115"
"KE 177","KE 1392"
"KE 177","KE 1365"
"KE 177","KE 1262"
"KE 177","KE 1263"
"KE 177","KE 202"
"KE 18","KE 1262"
"KE 18","KE 2020"
"KE 18","KE 850"
"KE 18","KE 944"
"KE 18","KE 1241"
"KE 18","KE 1190"
"KE 18","KE 1196"
"KE 18","KE 54"
"KE 1800","KE 405"
"KE 1825","KE 2089"
"KE 1825","KE 896"
"KE 1825","KE 1496"
"KE 1845","KE 1846"
"KE 1845","KE 1869"
"KE 1847","KE 1869"
"KE 1847","KE 1939"
"KE 1847","KE 1848"
"KE 1847","KE 1825"
"KE 1848","KE 1496"
"KE 1854","KE 2096"
"KE 186","KE 192"
"KE 1866","KE 1496"
"KE 1866","KE 1867"
"KE 1867","KE 1496"
"KE 1867","KE 1866"
"KE 1867","KE 1868"
"KE 1869","KE 1845"
"KE 1869","KE 1895"
"KE 1877","KE 1643"
"KE 1879","KE 155"
"KE 188","KE 55"
"KE 188","KE 352"
"KE 188","KE 1841"
"KE 188","KE 890"
"KE 188","KE 386"
"KE 188","KE 341"
"KE 1880","KE 1881"
"KE 1881","KE 1882"
"KE 1881","KE 1682"
"KE 1884","KE 1885"
"KE 1885","KE 1886"
"KE 1888","KE 1889"
"KE 1895","KE 1868"
"KE 1901","KE 1847"
"KE 1902","KE 1903"
"KE 1903","KE 1904"
"KE 1904","KE 1905"
"KE 1905","KE 1825"
"KE 1906","KE 1907"
"KE 1907","KE 1908"
"KE 1908","KE 1909"
"KE 1909","KE 1250"
"KE 192","KE 402"
"KE 1940","KE 1754"
"KE 195","KE 52"
"KE 1972","KE 1973"
"KE 1973","KE 1076"
"KE 1974","KE 1262"
"KE 1980","KE 1981"
"KE 1981","KE 1172"
"KE 201","KE 195"
"KE 202","KE 1575"
"KE 202","KE 1702"
"KE 2027","KE 2044"
"KE 2027","KE 2042"
"KE 2028","KE 2040"
"KE 2040","KE 2043"
"KE 2040","KE 1262"
"KE 2043","KE 1262"
"KE 2044","KE 2028"
"KE 2089","KE 2090"
"KE 209","KE 927"
"KE 209","KE 935"
"KE 209","KE 973"
"KE 209","KE 1292"
"KE 2097","KE 341"
"KE 2117","KE 962"
"KE 2118","KE 1446"
"KE 2146","KE 1339"
"KE 2158","KE 2159"
"KE 2159","KE 2180"
"KE 2180","KE 2192"
"KE 2192","KE 2193"
"KE 228","KE 54"
"KE 228","KE 1028"
"KE 233","KE 1060"
"KE 233","KE 140"
"KE 25","KE 3"
"KE 25","KE 1791"
"KE 25","KE 129"
"KE 258","KE 89"
"KE 26","KE 1614"
"KE 264","KE 89"
"KE 265","KE 68"
"KE 265","KE 1501"
"KE 266","KE 447"
"KE 277","KE 381"
"KE 277","KE 851"
"KE 277","KE 341"
"KE 277","KE 281"
"KE 279","KE 277"
"KE 279","KE 281"
"KE 28","KE 110"
"KE 280","KE 381"
"KE 280","KE 756"
"KE 281","KE 1007"
"KE 281","KE 756"
"KE 281","KE 757"
"KE 281","KE 758"
"KE 281","KE 1003"
"KE 281","KE 2119"
"KE 281","KE 280"
"KE 281","KE 402"
"KE 281","KE 1101"
"KE 281","KE 1023"
"KE 286","KE 1800"
"KE 289","KE 447"
"KE 298","KE 1001"
"KE 305","KE 28"
"KE 352","KE 341"
"KE 352","KE 188"
"KE 352","KE 1841"
"KE 352","KE 618"
"KE 352","KE 1348"
"KE 36","KE 1789"
"KE 36","KE 1791"
"KE 36","KE 3"
"KE 373","KE 378"
"KE 373","KE 493"
"KE 376","KE 378"
"KE 381","KE 341"
"KE 381","KE 382"
"KE 381","KE 55"
"KE 381","KE 383"
"KE 381","KE 385"
"KE 381","KE 851"
"KE 382","KE 385"
"KE 383","KE 385"
"KE 385","KE 386"
"KE 386","KE 402"
"KE 386","KE 341"
"KE 396","KE 1496"
"KE 396","KE 398"
"KE 396","KE 826"
"KE 408","KE 3"
"KE 409","KE 373"
"KE 413","KE 1690"
"KE 424","KE 341"
"KE 424","KE 425"
"KE 424","KE 281"
"KE 424","KE 277"
"KE 425","KE 277"
"KE 447","KE 413"
"KE 493","KE 376"
"KE 52","KE 381"
"KE 54","KE 115"
"KE 55","KE 386"
"KE 55","KE 1492"
"KE 55","KE 1493"
"KE 55","KE 385"
"KE 55","KE 352"
"KE 55","KE 188"
"KE 55","KE 265"
"KE 55","KE 758"
"KE 55","KE 1494"
"KE 584","KE 1176"
"KE 618","KE 341"
"KE 618","KE 188"
"KE 619","KE 1142"
"KE 619","KE 1256"
"KE 619","KE 1161"
"KE 66","KE 89"
"KE 663","KE 1243"
"KE 663","KE 386"
"KE 68","KE 1458"
"KE 68","KE 344"
"KE 68","KE 1276"
"KE 682","KE 616"
"KE 709","KE 814"
"KE 715","KE 1214"
"KE 756","KE 757"
"KE 756","KE 758"
"KE 757","KE 758"
"KE 758","KE 402"
"KE 758","KE 341"
"KE 826","KE 398"
"KE 844","KE 845"
"KE 850","KE 844"
"KE 850","KE 1392"
"KE 851","KE 385"
"KE 853","KE 139"
"KE 854","KE 856"
"KE 858","KE 861"
"KE 858","KE 1528"
"KE 87","KE 1497"
"KE 870","KE 2083"
"KE 870","KE 1090"
"KE 877","KE 1096"
"KE 887","KE 1477"
"KE 887","KE 177"
"KE 888","KE 887"
"KE 889","KE 890"
"KE 889","KE 55"
"KE 890","KE 188"
"KE 890","KE 896"
"KE 898","KE 177"
"KE 898","KE 709"
"KE 927","KE 932"
"KE 932","KE 933"
"KE 934","KE 932"
"KE 935","KE 934"
"KE 941","KE 2117"
"KE 941","KE 962"
"KE 944","KE 1269"
"KE 944","KE 945"
"KE 945","KE 948"
"KE 948","KE 110"
"KE 957","KE 958"
"KE 958","KE 959"
"KE 959","KE 1158"
"KE 959","KE 961"
"KE 961","KE 281"
"KE 962","KE 1250"
"KE 97","KE 155"
"KE 973","KE 933"
"KE 979","KE 981"
"KE 980","KE 979"
"KE 981","KE 1202"
"KE 998","KE 1000"
"KE 10","KE 1602"
"KE 10","KE 12"
"KE 1004","KE 1005"
"KE 1007","KE 1005"
"KE 1012","KE 1014"
"KE 1012","KE 1019"
"KE 1014","KE 1016"
"KE 1014","KE 1015"
"KE 1015","KE 1012"
"KE 1015","KE 1016"
"KE 1019","KE 1016"
"KE 1028","KE 1029"
"KE 1028","KE 1032"
"KE 1029","KE 1032"
"KE 103","KE 1264"
"KE 1032","KE 1033"
"KE 1032","KE 1034"
"KE 1032","KE 1089"
"KE 1033","KE 1035"
"KE 1033","KE 1036"
"KE 1033","KE 1037"
"KE 1038","KE 1039"
"KE 1039","KE 1040"
"KE 1040","KE 1042"
"KE 1042","KE 1043"
"KE 1043","KE 1044"
"KE 1045","KE 1056"
"KE 1047","KE 1049"
"KE 1047","KE 1050"
"KE 1049","KE 1051"
"KE 1049","KE 1052"
"KE 1050","KE 1972"
"KE 1050","KE 1051"
"KE 1051","KE 1054"
"KE 1052","KE 1053"
"KE 1053","KE 2092"
"KE 1056","KE 1047"
"KE 1057","KE 1058"
"KE 1057","KE 1059"
"KE 1057","KE 1060"
"KE 1058","KE 1059"
"KE 1059","KE 1061"
"KE 1060","KE 1513"
"KE 1061","KE 1062"
"KE 1062","KE 1063"
"KE 1064","KE 1065"
"KE 1065","KE 1066"
"KE 1066","KE 1067"
"KE 1067","KE 1068"
"KE 1068","KE 1069"
"KE 1069","KE 1070"
"KE 1071","KE 1072"
"KE 1072","KE 1074"
"KE 1072","KE 1075"
"KE 1074","KE 1076"
"KE 1075","KE 1076"
"KE 1075","KE 1077"
"KE 1076","KE 1078"
"KE 1076","KE 1081"
"KE 1076","KE 1052"
"KE 1077","KE 1078"
"KE 1078","KE 1080"
"KE 1078","KE 1079"
"KE 1080","KE 1079"
"KE 1081","KE 1082"
"KE 1083","KE 1084"
"KE 1084","KE 1085"
"KE 1085","KE 1080"
"KE 1085","KE 1079"
"KE 1086","KE 1087"
"KE 1086","KE 1392"
"KE 1087","KE 1032"
"KE 1089","KE 1090"
"KE 1096","KE 1102"
"KE 1096","KE 1392"
"KE 1097","KE 1098"
"KE 1097","KE 1096"
"KE 1097","KE 814"
"KE 1098","KE 1106"
"KE 1102","KE 1097"
"KE 1103","KE 1104"
"KE 1104","KE 1105"
"KE 1105","KE 1392"
"KE 1109","KE 1107"
"KE 1114","KE 1115"
"KE 1122","KE 1130"
"KE 1130","KE 1132"
"KE 1131","KE 1133"
"KE 1132","KE 1135"
"KE 1133","KE 1122"
"KE 1134","KE 1131"
"KE 1135","KE 1136"
"KE 1139","KE 1142"
"KE 1142","KE 1143"
"KE 1142","KE 1139"
"KE 1142","KE 1255"
"KE 1142","KE 1257"
"KE 1152","KE 425"
"KE 1152","KE 281"
"KE 1153","KE 1154"
"KE 1155","KE 277"
"KE 1156","KE 277"
"KE 1157","KE 1158"
"KE 1158","KE 281"
"KE 1158","KE 961"
"KE 1161","KE 1255"
"KE 1163","KE 1164"
"KE 1174","KE 1278"
"KE 1176","KE 1179"
"KE 1181","KE 1187"
"KE 1181","KE 1188"
"KE 1181","KE 1191"
"KE 1181","KE 1242"
"KE 1182","KE 1192"
"KE 1183","KE 1192"
"KE 1183","KE 854"
"KE 1187","KE 1182"
"KE 1187","KE 1239"
"KE 1188","KE 1182"
"KE 1188","KE 1239"
"KE 1189","KE 1213"
"KE 1190","KE 1213"
"KE 1190","KE 1376"
"KE 1191","KE 1188"
"KE 1191","KE 1239"
"KE 1192","KE 1193"
"KE 1194","KE 1239"
"KE 1194","KE 1365"
"KE 1194","KE 1492"
"KE 1194","KE 1974"
"KE 1194","KE 1505"
"KE 1196","KE 1982"
"KE 12","KE 10"
"KE 12","KE 1391"
"KE 1205","KE 1206"
"KE 1206","KE 1209"
"KE 1209","KE 1208"
"KE 1215","KE 1218"
"KE 1218","KE 1220"
"KE 1220","KE 1222"
"KE 1220","KE 1433"
"KE 1222","KE 1226"
"KE 1226","KE 1223"
"KE 1239","KE 1240"
"KE 1240","KE 1189"
"KE 1240","KE 1183"
"KE 1240","KE 1241"
"KE 1240","KE 1392"
"KE 1241","KE 1196"
"KE 1242","KE 1191"
"KE 1255","KE 1163"
"KE 1256","KE 1257"
"KE 1257","KE 1141"
"KE 1257","KE 1163"
"KE 1258","KE 177"
"KE 1259","KE 177"
"KE 1260","KE 177"
"KE 1264","KE 1265"
"KE 1266","KE 1267"
"KE 1267","KE 1268"
"KE 1270","KE 1271"
"KE 1270","KE 1283"
"KE 1275","KE 1276"
"KE 1278","KE 1279"
"KE 1279","KE 1281"
"KE 1279","KE 1280"
"KE 1279","KE 177"
"KE 1280","KE 1262"
"KE 1281","KE 1262"
"KE 1282","KE 1283"
"KE 1283","KE 1277"
"KE 1283","KE 1457"
"KE 1284","KE 1285"
"KE 1285","KE 1289"
"KE 1286","KE 1287"
"KE 1286","KE 1290"
"KE 1287","KE 1288"
"KE 1288","KE 1289"
"KE 1289","KE 1291"
"KE 1290","KE 1291"
"KE 1292","KE 1293"
"KE 1293","KE 1294"
"KE 1294","KE 1295"
"KE 1295","KE 1277"
"KE 130","KE 1115"
"KE 1317","KE 1321"
"KE 1317","KE 1322"
"KE 1317","KE 1318"
"KE 1317","KE 1319"
"KE 1317","KE 1320"
"KE 1317","KE 1323"
"KE 1320","KE 1401"
"KE 1320","KE 1336"
"KE 1321","KE 1352"
"KE 1322","KE 1356"
"KE 1323","KE 1324"
"KE 1324","KE 1325"
"KE 1325","KE 1347"
"KE 1326","KE 1344"
"KE 1328","KE 1329"
"KE 1328","KE 1335"
"KE 1329","KE 1330"
"KE 1330","KE 1345"
"KE 1330","KE 1346"
"KE 1334","KE 122"
"KE 1335","KE 1330"
"KE 1336","KE 1337"
"KE 1337","KE 1338"
"KE 1338","KE 1339"
"KE 1340","KE 1341"
"KE 1341","KE 1342"
"KE 1342","KE 1343"
"KE 1344","KE 1363"
"KE 1347","KE 1326"
"KE 1347","KE 1328"
"KE 1347","KE 1336"
"KE 1348","KE 1363"
"KE 1349","KE 1350"
"KE 1349","KE 1018"
"KE 1349","KE 1177"
"KE 1350","KE 1351"
"KE 1351","KE 1321"
"KE 1352","KE 1355"
"KE 1354","KE 1353"
"KE 1355","KE 1362"
"KE 1357","KE 1359"
"KE 1357","KE 1415"
"KE 1359","KE 1322"
"KE 1360","KE 1361"
"KE 1361","KE 1359"
"KE 1362","KE 1348"
"KE 1362","KE 1344"
"KE 1364","KE 1392"
"KE 1364","KE 1634"
"KE 1365","KE 1366"
"KE 1365","KE 1097"
"KE 1369","KE 1375"
"KE 1369","KE 1374"
"KE 1369","KE 1373"
"KE 1369","KE 1372"
"KE 1370","KE 1377"
"KE 1370","KE 1376"
"KE 1372","KE 1380"
"KE 1373","KE 1380"
"KE 1374","KE 1380"
"KE 1375","KE 1367"
"KE 1376","KE 1367"
"KE 1376","KE 1982"
"KE 1378","KE 1379"
"KE 1379","KE 1385"
"KE 1380","KE 1367"
"KE 1381","KE 1380"
"KE 1382","KE 1405"
"KE 1383","KE 1382"
"KE 1384","KE 1382"
"KE 1386","KE 1387"
"KE 1386","KE 1389"
"KE 1389","KE 1141"
"KE 139","KE 854"
"KE 1390","KE 1141"
"KE 1396","KE 1335"
"KE 1397","KE 1398"
"KE 1397","KE 1347"
"KE 1398","KE 1399"
"KE 1399","KE 1400"
"KE 1400","KE 1320"
"KE 1401","KE 1344"
"KE 1402","KE 1403"
"KE 1402","KE 1404"
"KE 1402","KE 1406"
"KE 1402","KE 1407"
"KE 1403","KE 1385"
"KE 1404","KE 1405"
"KE 1405","KE 1385"
"KE 1406","KE 1405"
"KE 1407","KE 1405"
"KE 1408","KE 1409"
"KE 1408","KE 1410"
"KE 1409","KE 1385"
"KE 1410","KE 1411"
"KE 1411","KE 1385"
"KE 1412","KE 1384"
"KE 1413","KE 1414"
"KE 1414","KE 1415"
"KE 1415","KE 1416"
"KE 1416","KE 1355"
"KE 1417","KE 1419"
"KE 1417","KE 1392"
"KE 1419","KE 1420"
"KE 1420","KE 1421"
"KE 1421","KE 1422"
"KE 1422","KE 1423"
"KE 1423","KE 1424"
"KE 1425","KE 1426"
"KE 1426","KE 1427"
"KE 1426","KE 1429"
"KE 1429","KE 1430"
"KE 1430","KE 1428"
"KE 1430","KE 1432"
"KE 1431","KE 1426"
"KE 1433","KE 1226"
"KE 1435","KE 1226"
"KE 1444","KE 1366"
"KE 1448","KE 1028"
"KE 145","KE 202"
"KE 1456","KE 68"
"KE 1466","KE 1005"
"KE 1469","KE 1457"
"KE 1476","KE 1477"
"KE 1482","KE 177"
"KE 149","KE 1457"
"KE 149","KE 1196"
"KE 149","KE 1376"
"KE 149","KE 1513"
"KE 1490","KE 1305"
"KE 1509","KE 1512"
"KE 1511","KE 1513"
"KE 1521","KE 1141"
"KE 1526","KE 1523"
"KE 1527","KE 55"
"KE 1539","KE 898"
"KE 1545","KE 177"
"KE 1546","KE 177"
"KE 1548","KE 1549"
"KE 1550","KE 1115"
"KE 1550","KE 1194"
"KE 1550","KE 1392"
"KE 1554","KE 1980"
"KE 1563","KE 1564"
"KE 1583","KE 618"
"KE 1599","KE 1196"
"KE 1605","KE 1512"
"KE 1606","KE 1549"
"KE 1610","KE 1690"
"KE 1611","KE 1690"
"KE 1615","KE 1616"
"KE 1617","KE 1613"
"KE 1619","KE 1461"
"KE 1619","KE 1457"
"KE 1623","KE 1350"
"KE 1633","KE 1097"
"KE 1633","KE 2119"
"KE 1636","KE 870"
"KE 1642","KE 1640"
"KE 1653","KE 1542"
"KE 1654","KE 1543"
"KE 1655","KE 1544"
"KE 1668","KE 87"
"KE 1668","KE 1496"
"KE 1668","KE 1115"
"KE 1669","KE 155"
"KE 1669","KE 870"
"KE 1673","KE 1498"
"KE 1673","KE 1250"
"KE 1677","KE 1250"
"KE 1699","KE 3"
"KE 1765","KE 1461"
"KE 1770","KE 1477"
"KE 1770","KE 177"
"KE 1771","KE 1366"
"KE 1771","KE 1825"
"KE 1771","KE 55"
"KE 1775","KE 1366"
"KE 1777","KE 1366"
"KE 1788","KE 1350"
"KE 179","KE 177"
"KE 1790","KE 1791"
"KE 1792","KE 1292"
"KE 1795","KE 1283"
"KE 1799","KE 1756"
"KE 1814","KE 177"
"KE 1815","KE 1365"
"KE 1816","KE 1392"
"KE 1827","KE 1365"
"KE 1828","KE 1101"
"KE 1829","KE 1101"
"KE 1830","KE 959"
"KE 1835","KE 1756"
"KE 1842","KE 1895"
"KE 185","KE 1182"
"KE 185","KE 870"
"KE 185","KE 1980"
"KE 1851","KE 1115"
"KE 1852","KE 1115"
"KE 1878","KE 1643"
"KE 1883","KE 405"
"KE 1896","KE 870"
"KE 1897","KE 1172"
"KE 1912","KE 1908"
"KE 1913","KE 87"
"KE 1914","KE 1857"
"KE 1915","KE 1857"
"KE 1917","KE 1392"
"KE 1930","KE 1008"
"KE 1931","KE 2257"
"KE 1942","KE 188"
"KE 1944","KE 386"
"KE 1944","KE 341"
"KE 1971","KE 1982"
"KE 1977","KE 1983"
"KE 1998","KE 188"
"KE 2005","KE 757"
"KE 2007","KE 1392"
"KE 2007","KE 1262"
"KE 2007","KE 1457"
"KE 2017","KE 1512"
"KE 2021","KE 2020"
"KE 2023","KE 2024"
"KE 2030","KE 177"
"KE 2033","KE 1502"
"KE 2037","KE 1350"
"KE 2038","KE 1825"
"KE 2041","KE 2042"
"KE 2064","KE 55"
"KE 2068","KE 2069"
"KE 2072","KE 55"
"KE 2078","KE 341"
"KE 2081","KE 2083"
"KE 2098","KE 341"
"KE 2108","KE 341"
"KE 2120","KE 1392"
"KE 2123","KE 55"
"KE 2124","KE 55"
"KE 2125","KE 1497"
"KE 2126","KE 1115"
"KE 213","KE 118"
"KE 213","KE 1392"
"KE 2131","KE 130"
"KE 2134","KE 854"
"KE 2137","KE 1690"
"KE 214","KE 87"
"KE 2144","KE 2119"
"KE 2149","KE 1392"
"KE 2151","KE 341"
"KE 2155","KE 1973"
"KE 2165","KE 1392"
"KE 2186","KE 1350"
"KE 2188","KE 1825"
"KE 219","KE 405"
"KE 2196","KE 352"
"KE 2197","KE 352"
"KE 2198","KE 352"
"KE 2199","KE 89"
"KE 227","KE 1170"
"KE 227","KE 266"
"KE 227","KE 289"
"KE 231","KE 140"
"KE 232","KE 140"
"KE 239","KE 54"
"KE 243","KE 119"
"KE 244","KE 55"
"KE 244","KE 177"
"KE 245","KE 54"
"KE 249","KE 209"
"KE 257","KE 1634"
"KE 257","KE 1088"
"KE 257","KE 1392"
"KE 27","KE 286"
"KE 272","KE 827"
"KE 274","KE 3"
"KE 291","KE 177"
"KE 295","KE 961"
"KE 361","KE 1210"
"KE 388","KE 12"
"KE 388","KE 618"
"KE 388","KE 188"
"KE 389","KE 177"
"KE 389","KE 55"
"KE 389","KE 1392"
"KE 39","KE 386"
"KE 39","KE 402"
"KE 40","KE 709"
"KE 456","KE 167"
"KE 456","KE 228"
"KE 459","KE 1115"
"KE 459","KE 55"
"KE 49","KE 106"
"KE 491","KE 378"
"KE 495","KE 413"
"KE 496","KE 413"
"KE 559","KE 663"
"KE 559","KE 341"
"KE 559","KE 177"
"KE 560","KE 1107"
"KE 560","KE 1108"
"KE 568","KE 1107"
"KE 57","KE 142"
"KE 590","KE 1376"
"KE 621","KE 1255"
"KE 621","KE 1257"
"KE 622","KE 1143"
"KE 624","KE 1143"
"KE 626","KE 1161"
"KE 626","KE 1142"
"KE 626","KE 1256"
"KE 633","KE 341"
"KE 637","KE 896"
"KE 647","KE 1690"
"KE 647","KE 1613"
"KE 669","KE 682"
"KE 708","KE 709"
"KE 716","KE 1171"
"KE 720","KE 721"
"KE 761","KE 1015"
"KE 763","KE 1428"
"KE 763","KE 1432"
"KE 769","KE 209"
"KE 780","KE 1115"
"KE 785","KE 286"
"KE 785","KE 1183"
"KE 790","KE 1690"
"KE 80","KE 1364"
"KE 800","KE 3"
"KE 807","KE 1756"
"KE 807","KE 1690"
"KE 819","KE 814"
"KE 820","KE 814"
"KE 821","KE 814"
"KE 825","KE 814"
"KE 828","KE 177"
"KE 831","KE 898"
"KE 846","KE 369"
"KE 863","KE 864"
"KE 869","KE 870"
"KE 926","KE 1115"
"KE 951","KE 952"
"KE 988","KE 1266"
"KE 2244","KE 2067"
"KE 2245","KE 2089"
"KE 2201","KE 341"
"KE 2204","KE 341"
"KE 2205","KE 1115"
"KE 2208","KE 386"
"KE 2208","KE 341"
"KE 2216","KE 1656"
"KE 2233","KE 1262"
"KE 2242","KE 341"
"KE 2260","KE 2256"
"KE 2260","KE 2252"
"KE 2256","KE 1931"
"KE 1003","KE 1878"
"KE 105","KE 1770"
"KE 110","KE 317"
"KE 1115","KE 1445"
"KE 1115","KE 1491"
"KE 1115","KE 1669"
"KE 1115","KE 1855"
"KE 1115","KE 1861"
"KE 1115","KE 1770"
"KE 1115","KE 2006"
"KE 1116","KE 1829"
"KE 112","KE 285"
"KE 115","KE 291"
"KE 1171","KE 719"
"KE 119","KE 49"
"KE 1214","KE 716"
"KE 122","KE 1834"
"KE 122","KE 145"
"KE 1262","KE 2041"
"KE 1262","KE 1606"
"KE 1262","KE 1971"
"KE 1262","KE 2011"
"KE 1262","KE 2151"
"KE 1269","KE 317"
"KE 129","KE 274"
"KE 1339","KE 2151"
"KE 1392","KE 2068"
"KE 1392","KE 2081"
"KE 1392","KE 149"
"KE 1392","KE 1943"
"KE 1392","KE 2010"
"KE 1392","KE 1547"
"KE 1392","KE 1605"
"KE 1392","KE 1585"
"KE 1392","KE 2240"
"KE 1392","KE 1511"
"KE 1392","KE 250"
"KE 1392","KE 1445"
"KE 1392","KE 1775"
"KE 1392","KE 2144"
"KE 1392","KE 2009"
"KE 1392","KE 2166"
"KE 1392","KE 2170"
"KE 1392","KE 2164"
"KE 1392","KE 2171"
"KE 1392","KE 2172"
"KE 1392","KE 2173"
"KE 1392","KE 2174"
"KE 1439","KE 1443"
"KE 1446","KE 1771"
"KE 1446","KE 2064"
"KE 1446","KE 2070"
"KE 1446","KE 2072"
"KE 1446","KE 257"
"KE 1457","KE 1587"
"KE 1457","KE 2013"
"KE 1457","KE 885"
"KE 1461","KE 1774"
"KE 1477","KE 1562"
"KE 1477","KE 40"
"KE 1477","KE 1771"
"KE 1493","KE 2068"
"KE 1495","KE 1443"
"KE 1495","KE 1669"
"KE 1496","KE 1750"
"KE 1497","KE 780"
"KE 1497","KE 1633"
"KE 1498","KE 1677"
"KE 1502","KE 1558"
"KE 1502","KE 1561"
"KE 1505","KE 752"
"KE 1512","KE 2188"
"KE 1513","KE 885"
"KE 1513","KE 1514"
"KE 1523","KE 1524"
"KE 1542","KE 1545"
"KE 1542","KE 1771"
"KE 1543","KE 1545"
"KE 1544","KE 1545"
"KE 155","KE 185"
"KE 155","KE 1636"
"KE 1557","KE 1558"
"KE 1592","KE 1594"
"KE 1592","KE 1595"
"KE 1602","KE 1623"
"KE 1604","KE 1605"
"KE 1613","KE 219"
"KE 1614","KE 1615"
"KE 1614","KE 1688"
"KE 1614","KE 2082"
"KE 1632","KE 2073"
"KE 1634","KE 185"
"KE 1634","KE 1444"
"KE 1634","KE 1775"
"KE 1635","KE 185"
"KE 1635","KE 1636"
"KE 1635","KE 2098"
"KE 1635","KE 1444"
"KE 1635","KE 1775"
"KE 1643","KE 351"
"KE 1643","KE 360"
"KE 1656","KE 2107"
"KE 167","KE 2199"
"KE 167","KE 457"
"KE 167","KE 463"
"KE 167","KE 462"
"KE 167","KE 468"
"KE 167","KE 470"
"KE 1672","KE 1673"
"KE 1686","KE 185"
"KE 1686","KE 1636"
"KE 1686","KE 1556"
"KE 1686","KE 2081"
"KE 1686","KE 2098"
"KE 1686","KE 2091"
"KE 1686","KE 257"
"KE 1686","KE 1978"
"KE 1686","KE 2068"
"KE 1690","KE 520"
"KE 1690","KE 791"
"KE 1690","KE 809"
"KE 1690","KE 414"
"KE 1690","KE 219"
"KE 1690","KE 2139"
"KE 1739","KE 1787"
"KE 1756","KE 1758"
"KE 1756","KE 1798"
"KE 177","KE 568"
"KE 177","KE 1546"
"KE 177","KE 257"
"KE 177","KE 1771"
"KE 177","KE 40"
"KE 177","KE 664"
"KE 177","KE 1928"
"KE 177","KE 1585"
"KE 177","KE 1762"
"KE 177","KE 1817"
"KE 177","KE 1815"
"KE 177","KE 833"
"KE 177","KE 835"
"KE 177","KE 837"
"KE 177","KE 836"
"KE 177","KE 2144"
"KE 177","KE 1917"
"KE 1789","KE 1790"
"KE 1791","KE 360"
"KE 18","KE 149"
"KE 18","KE 317"
"KE 18","KE 947"
"KE 18","KE 462"
"KE 18","KE 80"
"KE 18","KE 1559"
"KE 18","KE 295"
"KE 18","KE 451"
"KE 18","KE 216"
"KE 18","KE 466"
"KE 18","KE 450"
"KE 18","KE 459"
"KE 1825","KE 1930"
"KE 1825","KE 1521"
"KE 1847","KE 1870"
"KE 1847","KE 1931"
"KE 1854","KE 1954"
"KE 1857","KE 1916"
"KE 1879","KE 185"
"KE 1882","KE 1883"
"KE 1886","KE 1821"
"KE 1911","KE 1912"
"KE 1974","KE 1979"
"KE 1983","KE 2005"
"KE 202","KE 1633"
"KE 202","KE 152"
"KE 2020","KE 1559"
"KE 2020","KE 317"
"KE 2024","KE 2025"
"KE 2043","KE 1821"
"KE 2067","KE 2068"
"KE 209","KE 768"
"KE 209","KE 357"
"KE 2090","KE 2091"
"KE 2097","KE 2098"
"KE 2118","KE 2120"
"KE 2119","KE 2129"
"KE 2119","KE 2145"
"KE 2193","KE 2194"
"KE 228","KE 465"
"KE 228","KE 2165"
"KE 228","KE 457"
"KE 25","KE 285"
"KE 25","KE 1790"
"KE 25","KE 274"
"KE 25","KE 2143"
"KE 25","KE 2139"
"KE 26","KE 1786"
"KE 277","KE 219"
"KE 277","KE 813"
"KE 281","KE 818"
"KE 281","KE 823"
"KE 281","KE 824"
"KE 286","KE 1688"
"KE 286","KE 1786"
"KE 286","KE 2134"
"KE 286","KE 240"
"KE 286","KE 310"
"KE 3","KE 219"
"KE 3","KE 285"
"KE 341","KE 635"
"KE 341","KE 2121"
"KE 341","KE 564"
"KE 341","KE 560"
"KE 348","KE 406"
"KE 352","KE 388"
"KE 352","KE 637"
"KE 36","KE 1790"
"KE 373","KE 491"
"KE 376","KE 491"
"KE 386","KE 1941"
"KE 386","KE 2150"
"KE 396","KE 313"
"KE 398","KE 272"
"KE 405","KE 406"
"KE 41","KE 214"
"KE 51","KE 50"
"KE 54","KE 465"
"KE 55","KE 1548"
"KE 55","KE 1576"
"KE 55","KE 1521"
"KE 55","KE 1931"
"KE 55","KE 2084"
"KE 55","KE 1532"
"KE 584","KE 585"
"KE 593","KE 585"
"KE 616","KE 613"
"KE 618","KE 1583"
"KE 618","KE 2150"
"KE 618","KE 637"
"KE 619","KE 625"
"KE 619","KE 621"
"KE 619","KE 626"
"KE 66","KE 458"
"KE 667","KE 64"
"KE 709","KE 710"
"KE 718","KE 720"
"KE 718","KE 723"
"KE 721","KE 752"
"KE 758","KE 319"
"KE 79","KE 672"
"KE 79","KE 681"
"KE 79","KE 685"
"KE 79","KE 687"
"KE 79","KE 243"
"KE 814","KE 759"
"KE 845","KE 846"
"KE 854","KE 2136"
"KE 861","KE 862"
"KE 87","KE 149"
"KE 87","KE 1914"
"KE 87","KE 1915"
"KE 870","KE 1556"
"KE 870","KE 1670"
"KE 870","KE 876"
"KE 870","KE 872"
"KE 875","KE 388"
"KE 887","KE 1545"
"KE 89","KE 291"
"KE 890","KE 637"
"KE 896","KE 350"
"KE 932","KE 1928"
"KE 933","KE 937"
"KE 944","KE 2021"
"KE 944","KE 1697"
"KE 948","KE 1891"
"KE 957","KE 1830"
"KE 97","KE 336"
"KE 97","KE 185"
"KE 97","KE 885"
"KE 10","KE 39"
"KE 1004","KE 351"
"KE 1005","KE 1467"
"KE 1005","KE 636"
"KE 1005","KE 360"
"KE 1005","KE 351"
"KE 1008","KE 351"
"KE 1014","KE 351"
"KE 1016","KE 351"
"KE 1016","KE 350"
"KE 1018","KE 761"
"KE 1018","KE 388"
"KE 1018","KE 2195"
"KE 1023","KE 1828"
"KE 1023","KE 739"
"KE 1028","KE 1449"
"KE 106","KE 253"
"KE 1065","KE 1985"
"KE 1065","KE 1986"
"KE 1065","KE 1991"
"KE 1065","KE 2152"
"KE 1106","KE 351"
"KE 1107","KE 563"
"KE 111","KE 363"
"KE 111","KE 364"
"KE 111","KE 307"
"KE 1110","KE 560"
"KE 1139","KE 624"
"KE 1141","KE 360"
"KE 1142","KE 623"
"KE 1143","KE 623"
"KE 1154","KE 1829"
"KE 1157","KE 295"
"KE 1170","KE 716"
"KE 1182","KE 185"
"KE 1194","KE 185"
"KE 1194","KE 1864"
"KE 1194","KE 752"
"KE 1194","KE 1775"
"KE 1194","KE 1798"
"KE 12","KE 1703"
"KE 12","KE 445"
"KE 12","KE 1705"
"KE 12","KE 360"
"KE 12","KE 2195"
"KE 12","KE 1944"
"KE 12","KE 39"
"KE 12","KE 351"
"KE 1208","KE 361"
"KE 1220","KE 1434"
"KE 1220","KE 1435"
"KE 1239","KE 1560"
"KE 1265","KE 988"
"KE 1268","KE 993"
"KE 1271","KE 149"
"KE 1292","KE 1793"
"KE 1292","KE 1794"
"KE 1305","KE 459"
"KE 1350","KE 388"
"KE 1350","KE 1998"
"KE 1350","KE 2123"
"KE 1350","KE 2124"
"KE 1353","KE 1977"
"KE 1363","KE 350"
"KE 1365","KE 350"
"KE 1365","KE 1757"
"KE 1365","KE 1798"
"KE 1365","KE 1928"
"KE 1366","KE 328"
"KE 1366","KE 78"
"KE 1376","KE 885"
"KE 140","KE 8"
"KE 1417","KE 2162"
"KE 1417","KE 2009"
"KE 142","KE 334"
"KE 1424","KE 459"
"KE 1427","KE 763"
"KE 1445","KE 406"
"KE 1445","KE 1772"
"KE 1445","KE 1607"
"KE 1448","KE 1449"
"KE 1449","KE 1447"
"KE 1450","KE 1451"
"KE 1451","KE 1452"
"KE 1451","KE 1453"
"KE 1451","KE 1450"
"KE 1452","KE 1447"
"KE 1452","KE 1450"
"KE 1453","KE 1447"
"KE 1453","KE 1450"
"KE 1454","KE 1450"
"KE 1462","KE 1463"
"KE 1463","KE 1464"
"KE 1464","KE 1465"
"KE 1465","KE 1466"
"KE 1468","KE 1469"
"KE 1469","KE 1456"
"KE 147","KE 270"
"KE 1471","KE 1472"
"KE 1472","KE 1473"
"KE 1472","KE 1479"
"KE 1472","KE 1863"
"KE 1473","KE 1474"
"KE 1474","KE 1475"
"KE 1475","KE 1476"
"KE 1475","KE 1472"
"KE 1478","KE 1479"
"KE 1479","KE 1521"
"KE 1479","KE 1863"
"KE 1481","KE 1482"
"KE 1486","KE 831"
"KE 149","KE 1587"
"KE 149","KE 781"
"KE 149","KE 357"
"KE 1491","KE 1489"
"KE 1511","KE 1509"
"KE 152","KE 168"
"KE 1524","KE 350"
"KE 1525","KE 1527"
"KE 1527","KE 1526"
"KE 1527","KE 2187"
"KE 1529","KE 1530"
"KE 1530","KE 1531"
"KE 1530","KE 1536"
"KE 1531","KE 1532"
"KE 1532","KE 1533"
"KE 1533","KE 1535"
"KE 1536","KE 1537"
"KE 1537","KE 1532"
"KE 1547","KE 1812"
"KE 1550","KE 752"
"KE 1550","KE 1798"
"KE 1550","KE 406"
"KE 1550","KE 1696"
"KE 1550","KE 997"
"KE 1550","KE 1775"
"KE 1558","KE 1559"
"KE 1559","KE 947"
"KE 1560","KE 1561"
"KE 1562","KE 1563"
"KE 1562","KE 1527"
"KE 1562","KE 2236"
"KE 1576","KE 1579"
"KE 1580","KE 1581"
"KE 1581","KE 1582"
"KE 1582","KE 1583"
"KE 1582","KE 1944"
"KE 1583","KE 351"
"KE 1584","KE 1585"
"KE 1585","KE 1586"
"KE 1585","KE 1605"
"KE 1586","KE 149"
"KE 1587","KE 1588"
"KE 1594","KE 1599"
"KE 1595","KE 1599"
"KE 1599","KE 2136"
"KE 1605","KE 2017"
"KE 1605","KE 2188"
"KE 1607","KE 759"
"KE 1609","KE 1610"
"KE 1609","KE 1611"
"KE 161","KE 173"
"KE 1619","KE 1773"
"KE 1627","KE 1628"
"KE 1628","KE 1629"
"KE 1629","KE 1630"
"KE 1630","KE 1631"
"KE 1631","KE 360"
"KE 1633","KE 1820"
"KE 1636","KE 1556"
"KE 1637","KE 1641"
"KE 164","KE 147"
"KE 1641","KE 1642"
"KE 1657","KE 1661"
"KE 1661","KE 1665"
"KE 1665","KE 1666"
"KE 1666","KE 1667"
"KE 1669","KE 1554"
"KE 1669","KE 1896"
"KE 1673","KE 1677"
"KE 168","KE 403"
"KE 1691","KE 1692"
"KE 1692","KE 1693"
"KE 1693","KE 1694"
"KE 1694","KE 1695"
"KE 1695","KE 1696"
"KE 1696","KE 679"
"KE 1696","KE 997"
"KE 1697","KE 1698"
"KE 1698","KE 1699"
"KE 1703","KE 445"
"KE 1705","KE 351"
"KE 1705","KE 360"
"KE 173","KE 321"
"KE 1740","KE 1752"
"KE 1740","KE 1743"
"KE 1743","KE 1852"
"KE 1748","KE 351"
"KE 1750","KE 1748"
"KE 1752","KE 1856"
"KE 1752","KE 1852"
"KE 1752","KE 1851"
"KE 1758","KE 406"
"KE 1758","KE 2147"
"KE 1762","KE 795"
"KE 1767","KE 1768"
"KE 1768","KE 1769"
"KE 1768","KE 2238"
"KE 1769","KE 350"
"KE 1771","KE 1821"
"KE 1771","KE 350"
"KE 1771","KE 1562"
"KE 1772","KE 1771"
"KE 1773","KE 1774"
"KE 1773","KE 1778"
"KE 1774","KE 1775"
"KE 1774","KE 1776"
"KE 1775","KE 406"
"KE 1775","KE 1696"
"KE 1776","KE 1777"
"KE 1778","KE 1779"
"KE 1779","KE 1780"
"KE 1779","KE 1783"
"KE 178","KE 40"
"KE 178","KE 257"
"KE 1780","KE 1782"
"KE 1781","KE 360"
"KE 1782","KE 1781"
"KE 1783","KE 1784"
"KE 1784","KE 1782"
"KE 1785","KE 1771"
"KE 1787","KE 1752"
"KE 1788","KE 389"
"KE 179","KE 327"
"KE 1793","KE 1795"
"KE 1794","KE 1795"
"KE 1796","KE 1835"
"KE 1798","KE 406"
"KE 1798","KE 1696"
"KE 1798","KE 328"
"KE 1798","KE 1863"
"KE 1798","KE 360"
"KE 1806","KE 996"
"KE 1807","KE 996"
"KE 1812","KE 2188"
"KE 1814","KE 1818"
"KE 1815","KE 1817"
"KE 1817","KE 1633"
"KE 1818","KE 1819"
"KE 1819","KE 1633"
"KE 1821","KE 1878"
"KE 1821","KE 2041"
"KE 1821","KE 1521"
"KE 1828","KE 1829"
"KE 1831","KE 1830"
"KE 1834","KE 860"
"KE 1835","KE 1836"
"KE 1836","KE 1837"
"KE 1837","KE 406"
"KE 1842","KE 1897"
"KE 1849","KE 1850"
"KE 185","KE 1556"
"KE 185","KE 336"
"KE 185","KE 885"
"KE 1853","KE 1752"
"KE 1855","KE 1603"
"KE 1856","KE 1849"
"KE 1862","KE 1475"
"KE 1863","KE 360"
"KE 1863","KE 442"
"KE 1864","KE 1863"
"KE 1865","KE 1862"
"KE 1870","KE 1871"
"KE 1870","KE 1873"
"KE 1871","KE 1872"
"KE 1871","KE 1873"
"KE 1872","KE 1873"
"KE 1891","KE 1892"
"KE 1892","KE 1893"
"KE 1896","KE 2154"
"KE 191","KE 2150"
"KE 1917","KE 1815"
"KE 1928","KE 2179"
"KE 1928","KE 2178"
"KE 1928","KE 2181"
"KE 1928","KE 2161"
"KE 193","KE 166"
"KE 1942","KE 1582"
"KE 1944","KE 1582"
"KE 1944","KE 637"
"KE 1945","KE 1942"
"KE 1945","KE 2011"
"KE 1949","KE 1951"
"KE 1950","KE 1949"
"KE 1951","KE 1952"
"KE 1952","KE 1953"
"KE 1961","KE 1962"
"KE 1962","KE 1963"
"KE 1963","KE 1964"
"KE 1965","KE 1863"
"KE 1985","KE 1986"
"KE 1986","KE 1987"
"KE 1987","KE 1988"
"KE 1988","KE 1989"
"KE 1989","KE 1990"
"KE 1990","KE 1991"
"KE 2006","KE 1669"
"KE 2007","KE 2009"
"KE 2007","KE 2012"
"KE 2007","KE 1945"
"KE 2009","KE 2010"
"KE 2009","KE 1928"
"KE 2010","KE 2008"
"KE 2011","KE 2008"
"KE 2012","KE 2013"
"KE 2013","KE 2008"
"KE 2021","KE 1559"
"KE 2021","KE 317"
"KE 2023","KE 2033"
"KE 2025","KE 2026"
"KE 2026","KE 1561"
"KE 2029","KE 389"
"KE 2036","KE 2037"
"KE 2037","KE 389"
"KE 2039","KE 1527"
"KE 2045","KE 748"
"KE 2046","KE 2047"
"KE 2047","KE 2048"
"KE 2047","KE 2049"
"KE 2048","KE 2050"
"KE 2049","KE 2050"
"KE 2050","KE 350"
"KE 2051","KE 2052"
"KE 2052","KE 2053"
"KE 2053","KE 2054"
"KE 2053","KE 2055"
"KE 2054","KE 990"
"KE 2055","KE 990"
"KE 2058","KE 2059"
"KE 2059","KE 2060"
"KE 2059","KE 2061"
"KE 2060","KE 2062"
"KE 2061","KE 2062"
"KE 2062","KE 2063"
"KE 2063","KE 990"
"KE 2070","KE 2071"
"KE 2071","KE 1821"
"KE 2073","KE 2074"
"KE 2073","KE 2075"
"KE 2074","KE 2076"
"KE 2075","KE 2077"
"KE 2077","KE 1521"
"KE 2078","KE 1944"
"KE 2099","KE 2100"
"KE 2100","KE 1961"
"KE 2107","KE 2108"
"KE 2121","KE 2122"
"KE 2125","KE 2132"
"KE 2126","KE 2127"
"KE 2126","KE 2128"
"KE 2126","KE 2130"
"KE 2126","KE 179"
"KE 2127","KE 2125"
"KE 2128","KE 2125"
"KE 213","KE 21"
"KE 213","KE 250"
"KE 2130","KE 2125"
"KE 2132","KE 1633"
"KE 2136","KE 2135"
"KE 2139","KE 221"
"KE 214","KE 288"
"KE 214","KE 249"
"KE 2143","KE 2137"
"KE 2147","KE 360"
"KE 2148","KE 2149"
"KE 2149","KE 191"
"KE 2151","KE 637"
"KE 2152","KE 2153"
"KE 2153","KE 772"
"KE 216","KE 327"
"KE 2162","KE 2163"
"KE 2163","KE 2164"
"KE 2164","KE 1928"
"KE 2165","KE 2167"
"KE 2165","KE 2168"
"KE 2165","KE 2169"
"KE 2166","KE 1928"
"KE 2167","KE 1928"
"KE 2168","KE 1928"
"KE 2169","KE 1928"
"KE 2170","KE 1928"
"KE 2171","KE 1928"
"KE 2172","KE 1928"
"KE 2173","KE 1928"
"KE 2174","KE 1928"
"KE 2178","KE 2161"
"KE 2179","KE 2161"
"KE 2181","KE 2161"
"KE 2187","KE 389"
"KE 219","KE 221"
"KE 219","KE 285"
"KE 219","KE 2139"
"KE 2195","KE 2196"
"KE 2195","KE 2197"
"KE 2195","KE 2198"
"KE 220","KE 252"
"KE 220","KE 364"
"KE 221","KE 78"
"KE 221","KE 309"
"KE 227","KE 807"
"KE 227","KE 716"
"KE 227","KE 719"
"KE 227","KE 483"
"KE 239","KE 295"
"KE 240","KE 337"
"KE 245","KE 471"
"KE 245","KE 462"
"KE 246","KE 173"
"KE 250","KE 161"
"KE 250","KE 173"
"KE 250","KE 246"
"KE 252","KE 339"
"KE 252","KE 351"
"KE 257","KE 1445"
"KE 257","KE 1767"
"KE 257","KE 1770"
"KE 257","KE 1827"
"KE 257","KE 193"
"KE 269","KE 347"
"KE 27","KE 310"
"KE 270","KE 269"
"KE 272","KE 313"
"KE 285","KE 221"
"KE 288","KE 357"
"KE 291","KE 459"
"KE 294","KE 57"
"KE 294","KE 759"
"KE 307","KE 220"
"KE 309","KE 78"
"KE 310","KE 240"
"KE 317","KE 947"
"KE 327","KE 454"
"KE 327","KE 459"
"KE 327","KE 291"
"KE 328","KE 360"
"KE 328","KE 1863"
"KE 351","KE 360"
"KE 351","KE 765"
"KE 364","KE 78"
"KE 388","KE 389"
"KE 388","KE 1788"
"KE 388","KE 2078"
"KE 388","KE 1527"
"KE 389","KE 2038"
"KE 389","KE 2017"
"KE 389","KE 2078"
"KE 389","KE 2151"
"KE 39","KE 1703"
"KE 39","KE 1705"
"KE 39","KE 445"
"KE 40","KE 1478"
"KE 40","KE 1863"
"KE 40","KE 1532"
"KE 403","KE 576"
"KE 406","KE 360"
"KE 406","KE 1696"
"KE 414","KE 416"
"KE 415","KE 406"
"KE 416","KE 415"
"KE 444","KE 445"
"KE 445","KE 351"
"KE 445","KE 590"
"KE 450","KE 459"
"KE 451","KE 327"
"KE 451","KE 459"
"KE 454","KE 459"
"KE 457","KE 459"
"KE 457","KE 462"
"KE 458","KE 459"
"KE 458","KE 327"
"KE 462","KE 291"
"KE 462","KE 454"
"KE 463","KE 458"
"KE 465","KE 454"
"KE 465","KE 327"
"KE 466","KE 467"
"KE 467","KE 327"
"KE 468","KE 451"
"KE 470","KE 458"
"KE 471","KE 472"
"KE 471","KE 474"
"KE 472","KE 179"
"KE 474","KE 477"
"KE 477","KE 327"
"KE 478","KE 479"
"KE 479","KE 480"
"KE 479","KE 227"
"KE 480","KE 878"
"KE 482","KE 451"
"KE 483","KE 458"
"KE 484","KE 457"
"KE 486","KE 484"
"KE 488","KE 675"
"KE 494","KE 496"
"KE 494","KE 495"
"KE 50","KE 178"
"KE 520","KE 406"
"KE 560","KE 572"
"KE 561","KE 566"
"KE 564","KE 565"
"KE 564","KE 561"
"KE 565","KE 566"
"KE 566","KE 563"
"KE 568","KE 563"
"KE 570","KE 571"
"KE 571","KE 572"
"KE 572","KE 563"
"KE 572","KE 568"
"KE 573","KE 574"
"KE 574","KE 560"
"KE 576","KE 577"
"KE 576","KE 560"
"KE 577","KE 572"
"KE 578","KE 579"
"KE 579","KE 580"
"KE 580","KE 564"
"KE 585","KE 586"
"KE 585","KE 444"
"KE 586","KE 587"
"KE 586","KE 588"
"KE 587","KE 588"
"KE 587","KE 592"
"KE 588","KE 592"
"KE 588","KE 636"
"KE 590","KE 591"
"KE 598","KE 599"
"KE 599","KE 600"
"KE 600","KE 601"
"KE 601","KE 602"
"KE 602","KE 351"
"KE 622","KE 623"
"KE 623","KE 360"
"KE 625","KE 622"
"KE 625","KE 624"
"KE 626","KE 625"
"KE 626","KE 621"
"KE 626","KE 627"
"KE 627","KE 629"
"KE 629","KE 588"
"KE 633","KE 634"
"KE 634","KE 635"
"KE 635","KE 588"
"KE 638","KE 633"
"KE 64","KE 669"
"KE 656","KE 647"
"KE 664","KE 570"
"KE 671","KE 673"
"KE 671","KE 678"
"KE 672","KE 671"
"KE 673","KE 674"
"KE 674","KE 675"
"KE 675","KE 360"
"KE 678","KE 674"
"KE 681","KE 671"
"KE 685","KE 488"
"KE 687","KE 689"
"KE 689","KE 690"
"KE 690","KE 691"
"KE 691","KE 692"
"KE 692","KE 693"
"KE 692","KE 695"
"KE 693","KE 694"
"KE 694","KE 675"
"KE 695","KE 696"
"KE 696","KE 675"
"KE 697","KE 698"
"KE 698","KE 699"
"KE 699","KE 351"
"KE 710","KE 767"
"KE 710","KE 784"
"KE 714","KE 708"
"KE 716","KE 774"
"KE 716","KE 719"
"KE 723","KE 728"
"KE 724","KE 726"
"KE 726","KE 769"
"KE 733","KE 734"
"KE 734","KE 735"
"KE 735","KE 736"
"KE 739","KE 740"
"KE 740","KE 741"
"KE 742","KE 743"
"KE 743","KE 754"
"KE 744","KE 745"
"KE 746","KE 747"
"KE 747","KE 748"
"KE 748","KE 2046"
"KE 748","KE 749"
"KE 749","KE 772"
"KE 752","KE 723"
"KE 752","KE 1775"
"KE 752","KE 1798"
"KE 752","KE 1965"
"KE 754","KE 744"
"KE 759","KE 351"
"KE 760","KE 761"
"KE 761","KE 763"
"KE 762","KE 761"
"KE 763","KE 764"
"KE 764","KE 351"
"KE 766","KE 775"
"KE 767","KE 713"
"KE 768","KE 719"
"KE 768","KE 868"
"KE 77","KE 164"
"KE 770","KE 733"
"KE 772","KE 1896"
"KE 772","KE 773"
"KE 774","KE 719"
"KE 775","KE 776"
"KE 776","KE 777"
"KE 777","KE 778"
"KE 778","KE 779"
"KE 78","KE 442"
"KE 78","KE 360"
"KE 780","KE 2006"
"KE 780","KE 149"
"KE 781","KE 782"
"KE 782","KE 779"
"KE 783","KE 710"
"KE 784","KE 713"
"KE 785","KE 1599"
"KE 785","KE 716"
"KE 786","KE 787"
"KE 787","KE 774"
"KE 791","KE 744"
"KE 793","KE 794"
"KE 794","KE 795"
"KE 795","KE 796"
"KE 796","KE 1763"
"KE 796","KE 797"
"KE 798","KE 799"
"KE 799","KE 800"
"KE 8","KE 179"
"KE 801","KE 802"
"KE 802","KE 799"
"KE 804","KE 805"
"KE 805","KE 807"
"KE 809","KE 330"
"KE 813","KE 818"
"KE 813","KE 823"
"KE 813","KE 824"
"KE 818","KE 819"
"KE 818","KE 820"
"KE 818","KE 821"
"KE 818","KE 825"
"KE 823","KE 819"
"KE 823","KE 820"
"KE 823","KE 821"
"KE 823","KE 825"
"KE 824","KE 819"
"KE 824","KE 820"
"KE 824","KE 821"
"KE 824","KE 825"
"KE 828","KE 829"
"KE 828","KE 831"
"KE 829","KE 833"
"KE 829","KE 835"
"KE 829","KE 836"
"KE 829","KE 837"
"KE 831","KE 833"
"KE 831","KE 835"
"KE 831","KE 836"
"KE 831","KE 837"
"KE 833","KE 838"
"KE 833","KE 839"
"KE 835","KE 838"
"KE 835","KE 839"
"KE 836","KE 838"
"KE 836","KE 839"
"KE 837","KE 838"
"KE 837","KE 839"
"KE 838","KE 840"
"KE 839","KE 840"
"KE 860","KE 291"
"KE 862","KE 863"
"KE 867","KE 768"
"KE 868","KE 869"
"KE 876","KE 872"
"KE 9","KE 294"
"KE 937","KE 951"
"KE 990","KE 350"
"KE 990","KE 2056"
"KE 990","KE 2057"
"KE 990","KE 2050"
"KE 993","KE 990"
"KE 996","KE 1524"
"KE 2236","KE 2237"
"KE 2237","KE 1768"
"KE 2238","KE 2239"
"KE 2239","KE 1535"
"KE 2240","KE 1928"
"KE 2241","KE 1928"
"KE 2244","KE 2098"
"KE 2244","KE 2068"
"KE 1553","KE 885"
"KE 2201","KE 1978"
"KE 2214","KE 1615"
"KE 2200","KE 1978"
"KE 2206","KE 1758"
"KE 2210","KE 1978"
"KE 2212","KE 1758"
"KE 2213","KE 2082"
"KE 2218","KE 2115"
"KE 2219","KE 2115"
"KE 2223","KE 2107"
"KE 2224","KE 179"
"KE 2225","KE 327"
"KE 2225","KE 291"
"KE 2242","KE 1944"
"KE 2243","KE 1619"
"KE 2243","KE 798"
"KE 2260","KE 1931"
"KE 2252","KE 2260"
"KE 2253","KE 2260"
"KE 2254","KE 2260"
"KE 2255","KE 2260"
"KE 2256","KE 2260"
"KE 112","KE 2207"
"KE 1262","KE 2200"
"KE 1262","KE 2208"
"KE 1392","KE 2241"
"KE 1392","KE 2244"
"KE 1392","KE 2245"
"KE 1613","KE 2213"
"KE 1635","KE 2244"
"KE 1656","KE 2223"
"KE 1690","KE 2212"
"KE 195","KE 2208"
"KE 2118","KE 2243"
"KE 386","KE 2209"
"KE 1088","KE 1553"
"KE 1445","KE 2206"
"KE 1532","KE 2215"
"KE 179","KE 2225"
"KE 1979","KE 2200"
"KE 2029","KE 2233"
"KE 2078","KE 2242"
"KE 2084","KE 2215"
"KE 2115","KE 2223"
"KE 2115","KE 2221"
"KE 2201","KE 2203"
"KE 2201","KE 2202"
"KE 2202","KE 2203"
"KE 2203","KE 2204"
"KE 2203","KE 2210"
"KE 2207","KE 2208"
"KE 2217","KE 2220"
"KE 2218","KE 2221"
"KE 2219","KE 2222"
"KE 2219","KE 2223"
"KE 2221","KE 2223"
"KE 2224","KE 2225"
"KE 2226","KE 2227"
"KE 2227","KE 2224"
